{
    "efficiency": {
        "key_generation": {
            "n": 10,
            "mean": 2.262839989271015,
            "std": 0.3091373908658625,
            "median": 2.178599970648065,
            "p5": 2.04682998592034,
            "p95": 2.7885649964446193,
            "p99": 3.0298730108188465,
            "ci95_lo": 2.071234649319675,
            "ci95_hi": 2.454445329222355
        },
        "hb_sign": {
            "n": 10,
            "mean": 2183.556260005571,
            "std": 17.015582724184753,
            "median": 2183.6626500007696,
            "p5": 2159.542100020917,
            "p95": 2205.9226550190942,
            "p99": 2208.5744510317454,
            "ci95_lo": 2173.0098925693774,
            "ci95_hi": 2194.1026274417645
        },
        "rfc_sign": {
            "n": 100,
            "mean": 2.547262000152841,
            "std": 0.1993486704859556,
            "median": 2.444299985654652,
            "p5": 2.4007850035559386,
            "p95": 2.986604970647022,
            "p99": 3.1445650011301054,
            "ci95_lo": 2.5081896607375938,
            "ci95_hi": 2.5863343395680887
        },
        "verification": {
            "n": 100,
            "mean": 4.82962699898053,
            "std": 0.30048084510806133,
            "median": 4.746199992951006,
            "p5": 4.574709970620461,
            "p95": 5.328859994187951,
            "p99": 5.494481000932872,
            "ci95_lo": 4.77073275333935,
            "ci95_hi": 4.8885212446217094
        }
    },
    "sca": {
        "rfc6979": {
            "cpa_max_corr": 0.35003010303596077,
            "cpa_key_rank": 1,
            "cpa2_max_corr": 0.1070767234854289,
            "tvla_t": 1.073300118514717,
            "snr": 0.12687774987668018,
            "hw_variance": 2.0557749999999997,
            "mia": 0.1668811385110741
        },
        "hb_decdsa": {
            "cpa_max_corr": 0.10415836305170623,
            "cpa_key_rank": 52,
            "cpa2_max_corr": 0.07826583440890449,
            "tvla_t": 3.3442107520601607,
            "snr": 0.13966645696458643,
            "hw_variance": 2.0879359999999996,
            "mia": 0.10088482852463729
        }
    }
}