Metric,RFC 6979,HB-DECDSA
CPA 1st-Order |r|,0.35003010303596077,0.10415836305170623
CPA 2nd-Order |r|,0.1070767234854289,0.07826583440890449
MIA (bits),0.1668811385110741,0.10088482852463729
TVLA |t|,1.073300118514717,3.3442107520601607
HW Variance,2.0557749999999997,2.0879359999999996
